target,time
docker,0.0433
docker,0.0359
docker,0.0482
docker,0.0407
docker,0.0340
docker,0.0352
docker,0.0341
docker,0.0371
docker,0.0366
docker,0.0344
docker,0.0364
docker,0.0349
docker,0.0360
docker,0.0369
docker,0.0367
docker,0.0471
docker,0.0365
docker,0.0344
docker,0.0368
docker,0.0370
docker,0.0425
docker,0.0367
docker,0.0365
docker,0.0470
docker,0.0362
docker,0.0341
docker,0.0374
docker,0.0352
docker,0.0356
docker,0.0469
docker,0.0450
docker,0.0370
docker,0.0335
docker,0.0365
docker,0.0347
docker,0.0463
docker,0.0368
docker,0.0451
docker,0.0370
docker,0.0454
docker,0.0394
docker,0.0355
docker,0.0368
docker,0.0340
docker,0.0455
docker,0.0364
docker,0.0370
docker,0.0341
docker,0.0358
docker,0.0354
docker,0.0365
docker,0.0362
docker,0.0340
docker,0.0367
docker,0.0367
docker,0.0386
docker,0.0366
docker,0.0347
docker,0.0370
docker,0.0369
docker,0.0365
docker,0.0479
docker,0.0352
docker,0.0353
docker,0.0344
docker,0.0367
docker,0.0403
docker,0.0360
docker,0.0356
docker,0.0323
docker,0.0365
docker,0.0349
docker,0.0353
docker,0.0448
docker,0.0363
docker,0.0366
docker,0.0364
docker,0.0364
docker,0.0360
docker,0.0353
docker,0.0332
docker,0.0397
docker,0.0358
docker,0.0415
docker,0.0362
docker,0.0365
docker,0.0342
docker,0.0344
docker,0.0348
docker,0.0357
docker,0.0359
docker,0.0448
docker,0.0342
docker,0.0414
docker,0.0363
docker,0.0375
docker,0.0357
docker,0.0362
docker,0.0357
docker,0.0468
gvisor,0.0660
gvisor,0.0652
gvisor,0.0667
gvisor,0.0648
gvisor,0.0642
gvisor,0.0643
gvisor,0.0903
gvisor,0.0670
gvisor,0.0649
gvisor,0.0664
gvisor,0.0626
gvisor,0.0643
gvisor,0.0636
gvisor,0.0657
gvisor,0.0672
gvisor,0.0832
gvisor,0.0658
gvisor,0.0799
gvisor,0.0625
gvisor,0.0656
gvisor,0.0642
gvisor,0.0661
gvisor,0.0658
gvisor,0.0915
gvisor,0.0651
gvisor,0.0649
gvisor,0.0656
gvisor,0.1159
gvisor,0.0801
gvisor,0.0625
gvisor,0.0647
gvisor,0.0654
gvisor,0.0635
gvisor,0.0668
gvisor,0.0677
gvisor,0.0636
gvisor,0.0668
gvisor,0.0667
gvisor,0.0704
gvisor,0.0640
gvisor,0.0652
gvisor,0.0990
gvisor,0.0655
gvisor,0.0647
gvisor,0.0651
gvisor,0.0634
gvisor,0.0650
gvisor,0.0635
gvisor,0.0649
gvisor,0.0622
gvisor,0.0648
gvisor,0.0640
gvisor,0.0659
gvisor,0.0644
gvisor,0.0653
gvisor,0.0652
gvisor,0.0656
gvisor,0.0921
gvisor,0.0622
gvisor,0.0965
gvisor,0.0628
gvisor,0.0655
gvisor,0.0915
gvisor,0.0792
gvisor,0.0653
gvisor,0.0648
gvisor,0.0648
gvisor,0.0646
gvisor,0.0650
gvisor,0.0652
gvisor,0.0649
gvisor,0.0642
gvisor,0.0681
gvisor,0.0649
gvisor,0.0928
gvisor,0.0624
gvisor,0.0652
gvisor,0.0639
gvisor,0.0855
gvisor,0.0648
gvisor,0.0656
gvisor,0.0836
gvisor,0.0642
gvisor,0.0631
gvisor,0.0654
gvisor,0.0640
gvisor,0.0645
gvisor,0.0647
gvisor,0.0649
gvisor,0.0644
gvisor,0.0703
gvisor,0.0659
gvisor,0.0657
gvisor,0.0688
gvisor,0.0649
gvisor,0.0637
gvisor,0.0643
gvisor,0.0915
gvisor,0.0669
gvisor,0.0645
linux,0.0966
linux,0.1089
linux,0.1051
linux,0.1064
linux,0.1048
linux,0.0966
linux,0.1032
linux,0.1094
linux,0.1056
linux,0.0988
linux,0.0968
linux,0.1038
linux,0.0942
linux,0.0941
linux,0.1019
linux,0.1043
linux,0.1182
linux,0.0971
linux,0.0948
linux,0.0963
linux,0.1056
linux,0.0972
linux,0.1089
linux,0.0979
linux,0.0973
linux,0.0987
linux,0.0966
linux,0.0946
linux,0.1093
linux,0.0967
linux,0.0971
linux,0.0950
linux,0.0940
linux,0.1104
linux,0.0957
linux,0.0978
linux,0.0958
linux,0.0943
linux,0.0944
linux,0.1063
linux,0.0941
linux,0.0943
linux,0.0964
linux,0.1018
linux,0.1064
linux,0.0974
linux,0.1077
linux,0.1053
linux,0.0947
linux,0.0981
linux,0.1129
linux,0.1024
linux,0.0920
linux,0.1042
linux,0.0959
linux,0.1150
linux,0.0963
linux,0.0946
linux,0.1077
linux,0.1078
linux,0.1156
linux,0.1055
linux,0.0972
linux,0.0989
linux,0.0968
linux,0.1059
linux,0.0978
linux,0.0920
linux,0.1069
linux,0.0969
linux,0.1005
linux,0.0962
linux,0.0973
linux,0.0966
linux,0.0933
linux,0.1014
linux,0.1064
linux,0.0949
linux,0.0943
linux,0.1029
linux,0.0974
linux,0.1050
linux,0.0941
linux,0.0961
linux,0.0983
linux,0.1041
linux,0.1066
linux,0.0968
linux,0.1065
linux,0.0931
linux,0.0950
linux,0.0975
linux,0.1074
linux,0.0966
linux,0.0967
linux,0.0973
linux,0.0962
linux,0.0964
linux,0.0922
linux,0.1135
nanos,0.1236
nanos,0.1334
nanos,0.1236
nanos,0.1313
nanos,0.1267
nanos,0.1257
nanos,0.1214
nanos,0.1264
nanos,0.1343
nanos,0.1263
nanos,0.1241
nanos,0.1258
nanos,0.1251
nanos,0.1264
nanos,0.1234
nanos,0.1231
nanos,0.1166
nanos,0.1253
nanos,0.1202
nanos,0.1299
nanos,0.1248
nanos,0.1219
nanos,0.1212
nanos,0.1204
nanos,0.1252
nanos,0.1229
nanos,0.1184
nanos,0.1253
nanos,0.1300
nanos,0.1191
nanos,0.1232
nanos,0.1296
nanos,0.1230
nanos,0.1205
nanos,0.1210
nanos,0.1243
nanos,0.1265
nanos,0.1193
nanos,0.1273
nanos,0.1282
nanos,0.1307
nanos,0.1365
nanos,0.1219
nanos,0.1214
nanos,0.1257
nanos,0.1184
nanos,0.1217
nanos,0.1268
nanos,0.1196
nanos,0.1195
nanos,0.1190
nanos,0.1227
nanos,0.1209
nanos,0.1221
nanos,0.1371
nanos,0.1274
nanos,0.1157
nanos,0.1195
nanos,0.1232
nanos,0.1221
nanos,0.1310
nanos,0.1229
nanos,0.1272
nanos,0.1292
nanos,0.1212
nanos,0.1234
nanos,0.1203
nanos,0.1294
nanos,0.1210
nanos,0.1233
nanos,0.1165
nanos,0.1183
nanos,0.1203
nanos,0.1277
nanos,0.1248
nanos,0.1171
nanos,0.1322
nanos,0.1340
nanos,0.1214
nanos,0.1260
nanos,0.1200
nanos,0.1181
nanos,0.1240
nanos,0.1194
nanos,0.1211
nanos,0.1164
nanos,0.1286
nanos,0.1292
nanos,0.1226
nanos,0.1230
nanos,0.1199
nanos,0.1209
nanos,0.1231
nanos,0.1226
nanos,0.1185
nanos,0.1382
nanos,0.1240
nanos,0.1280
nanos,0.1206
nanos,0.1265
osv,0.7058
osv,0.6864
osv,0.6584
osv,0.6848
osv,0.6416
osv,0.7130
osv,0.7070
osv,0.6569
osv,0.6644
osv,0.6941
osv,0.6531
osv,0.6633
osv,0.6787
osv,0.6967
osv,0.6814
osv,0.6426
osv,0.6910
osv,0.6938
osv,0.6894
osv,0.6612
osv,0.6642
osv,0.6752
osv,0.6677
osv,0.6679
osv,0.6435
osv,0.6955
osv,0.6640
osv,0.6893
osv,0.6712
osv,0.6633
osv,0.6642
osv,0.6602
osv,0.6696
osv,0.6515
osv,0.6750
osv,0.6636
osv,0.6492
osv,0.6381
osv,0.7346
osv,0.6580
osv,0.6763
osv,0.6697
osv,0.6881
osv,0.6794
osv,0.6362
osv,0.6474
osv,0.6635
osv,0.6468
osv,0.7016
osv,0.6851
osv,0.6593
osv,0.6987
osv,0.6892
osv,0.6840
osv,0.7041
osv,0.6788
osv,0.6789
osv,0.6198
osv,0.6756
osv,0.6914
osv,0.6810
osv,0.6704
osv,0.6863
osv,0.6731
osv,0.6623
osv,0.6772
osv,0.6779
osv,0.6412
osv,0.6776
osv,0.6541
osv,0.6495
osv,0.6955
osv,0.6591
osv,0.6542
osv,0.6577
osv,0.6282
osv,0.6418
osv,0.6628
osv,0.6961
osv,0.6924
osv,0.6811
osv,0.6785
osv,0.6464
osv,0.6775
osv,0.6933
osv,0.6449
osv,0.6735
osv,0.6718
osv,0.7230
osv,0.6775
osv,0.7318
osv,0.6874
osv,0.6678
osv,0.6744
osv,0.6873
osv,0.6666
osv,0.6407
osv,0.6256
osv,0.6903
osv,0.6371
